DZ_Nr,DZ_Name,Land_Nr,DTV_Kfz_MobisSo_Q,DTV_SV_MobisSo_Q,Koor_WGS84_N,Koor_WGS84_E
1101,Bad Oldesloe,1,,,53.79184164,10.42880292
1108,Bad Schwartau,1,71.787,6.002,53.89167750,10.67022940
1102,Barsbüttel,1,90.649,10.891,53.56327624,10.18046539
1105,Neustadt i. H.-Süd,1,27.475,2.603,54.10379261,10.78102643
1124,Oldenburg (Holstein),1,20.61,2.182,54.29984259,10.88208029
1291,Reinfeld,1,,,53.81730881,10.47593819
1106,Einfeld,1,,,54.12650335,9.95588047
1109,Ellund,1,19.822,4.846,54.77581197,9.34415168
1171,Hüsby,1,40.851,6.546,54.50569303,9.50378447
1173,Moorkaten,1,,,53.82129078,9.92315465
1107,Owschlag,1,44.53,7.051,54.39954906,9.64168640
1189,Schuby,1,38.392,6.485,54.54194184,9.47013667
1170,Neddelsteenhof,1,50.661,4.535,53.84402177,10.60573501
1156,AS Wankendorf (Stolpe),1,18.621,1.716,54.10258105,10.21283181
1166,Segeberg West 2,1,,,53.93627546,10.27721659
1270,Albersdorf,1,,,54.12230866,9.25723265
1163,Besdorf,1,19.941,1.48,54.06586059,9.33571564
1268,Hademarschen,1,20.358,1.461,54.05582153,9.37491140
1177,Heide West,1,11.071,853,54.19250920,9.04547548
1119,Krupunder,1,70.838,4.347,53.62633627,9.88156040
1154,Nordoe 4,1,,,53.89374021,9.51966347
1269,Schafstedt,1,18.569,1.404,54.07272227,9.29840230
1172,Glinde (SH),1,53.997,6.247,53.55776170,10.21717420
1110,Gudow,1,36.815,6.16,53.53488463,10.74230788
1140,Börnsen,1,30.395,2.011,53.46066868,10.28882899
1162,Melsdorf,1,30.16,1.546,54.30644474,10.02985175
1194,Kiel-West,1,69.755,3.139,54.31113751,10.07522369
1104,Rumohr,1,35.984,1.881,54.25022859,10.02715729
2218,AD HH-Südost (O),2,,,53.50736249,10.08496640
2217,AD HH-Südost (W),2,,,53.50801979,10.07388183
2223,AK HH-Süd Fbez. S<->O,2,,,53.50979124,10.04111413
2228,AD HH-Nordwest (N),2,,,53.61962454,9.91322508
2229,AD HH-Nordwest (S),2,,,53.61160829,9.91633827
2214,Elbtunnel,2,,,53.54196569,9.91780354
2230,AD HH-Nordwest (W),2,,,53.61810340,9.90826563
2219,AD HH-Südost,2,,,53.50483119,10.08220380
2227,AK HH-Süd Fbez. W<->N,2,,,53.51713257,10.02619234
2226,AK HH-Süd Fbez. W<->S/O,2,,,53.51708518,10.02595751
2216,Harburger Umgehung,2,,,53.47081881,9.99456989
2224,AK HH-Süd Fbez. N/W<->O,2,,,53.50975458,10.03722119
2225,AK HH-Süd Fbez. N/W<->S,2,,,53.50541312,10.03842637
3302,Bockel,3,68.446,13.18,53.19533776,9.28773550
3444,Dibbersen,3,57.712,8.835,53.37916596,9.96603250
3351,Glüsingen,3,106.626,14.585,53.41029356,10.02894790
3455,Groß Ippener,3,55.448,12.563,52.92122781,8.47952539
3309,Holdorf,3,,,52.60734693,8.12046792
3456,Uphusen,3,102.347,17.817,53.03604616,8.97084266
3421,Beienrode,3,,,52.29431976,10.87483047
3429,Braunschweig-Flughafen,3,,,52.31175867,10.58555448
3491,Dedensen,3,,,52.40234867,9.49755377
3492,Groß-Munzel,3,89.191,19.121,52.36465323,9.43989026
3490,Gümmer,3,,,52.41655247,9.52349373
3439,Hannover-Bothfeld,3,,,52.42730248,9.81989651
3433,Hannover-Ost,3,,,52.40196140,9.87073843
3494,Hattendorf,3,81.086,19.121,52.24351343,9.28514750
3489,Immensen,3,89.92,19.456,52.37384795,10.05086064
3305,Lauenau,3,82.719,19.147,52.29109533,9.36044904
3486,Meerdorf,3,84.045,18.772,52.33826201,10.32390521
3306,Peine,3,84.232,19.305,52.34394314,10.21456023
3487,Peine-Ost,3,75.538,17.406,52.33652326,10.24755182
3495,Rehren,3,77.181,18.9,52.21920060,9.15122231
3496,Rinteln,3,73.357,18.399,52.22031235,9.03837151
3485,Schwülper,3,86.195,19.313,52.32808636,10.46045840
3484,Watenbüttel,3,85.879,18.945,52.32264510,10.48310191
3438,Altwarmbüchen,3,72.942,13.116,52.42032360,9.89175771
3304,Berkhof,3,,,52.61381686,9.73516538
3301,Bispingen,3,59.809,9.673,53.14945814,10.03053220
4602,Düderode,3,52.22,9.609,51.81073275,10.09853101
3430,Göttingen,3,68.689,10.962,51.51708550,9.87866206
3308,Hildesheim,3,65.394,10.251,52.14701007,9.99526127
3437,Isernhagen,3,78.586,12.797,52.45778263,9.85977492
3431,Lutterberg,3,75.429,15.119,51.35028387,9.60603825
3440,Wülferode,3,61.249,10.467,52.32465681,9.86356907
3457,Agathenburg,3,18,1.458,53.54123197,9.57390359
3354,Nordholz,3,15.474,1.063,53.70646151,8.66353409
3343,Stotel,3,29.587,3.473,53.43558686,8.58155225
3303,Verden,3,41.659,6.282,52.94861888,9.25622498
3368,Filsum,3,24.719,3.032,53.25806903,7.58851231
3449,Haarentor,3,74.237,4.916,53.14665959,8.19261369
3315,Hasbruch,3,51.542,5.669,53.05716030,8.48809189
3452,Stuhr,3,52.559,7.12,53.01846663,8.69200685
3352,Oldenburg-Hafen,3,37.048,3.886,53.12814651,8.27589199
3451,Sande,3,28.517,1.627,53.47375389,8.01495887
3450,Wardenburg,3,25.451,,52.99122051,8.19936144
3349,Wemkendorf,3,,,53.26071591,8.16795102
3357,Gildehaus,3,20.117,6.429,52.31938977,7.05749653
3446,Melle,3,,,52.19326125,8.33515846
3445,Osnabrück-Hellern,3,73.112,11.383,52.24564804,8.02967234
3499,Salzbergen,3,35.793,9.14,52.33889944,7.32561528
3497,Emstunnel,3,26.819,3.013,53.23046110,7.39905669
3369,Lathen,3,16.1,1.778,52.87436720,7.22600398
3350,Riepe,3,21.825,1.739,53.36957822,7.32714979
3498,Schüttorf,3,28.971,4.421,52.32649840,7.25743804
3454,Wietmarschen,3,23.172,2.704,52.48200733,7.21127062
3447,Fledder,3,27.683,1.813,52.26372634,8.09915189
3448,Handorf,3,30.68,3.931,52.21771358,8.11070249
3436,Hannover-Kirchhorst,3,37.571,2.073,52.43053834,9.89423525
3435,Hannover-Misburg,3,,,52.40932565,9.83037066
3441,Laatzen,3,21.556,1.163,52.30592870,9.83087603
3432,Friedland,3,26.164,5.95,51.39876699,9.97852863
3335,Braunschweig,3,47.76,4.137,52.20789429,10.48773777
3428,Braunschweig-Südwest,3,76.497,5.221,52.23602563,10.51845330
3423,Scheppau,3,36.644,3.158,52.30302763,10.72462233
3442,Winsen,3,31.251,2.939,53.33279648,10.26158036
3422,Wolfsburg,3,,,52.42913938,10.73821259
3443,Tötensen,3,41.535,6.657,53.39347447,9.88680390
3358,Bunderneuland,3,10.674,1.526,53.18079333,7.22903026
3453,Oldenburg-Etzhorn,3,34.252,1.294,53.16995156,8.22245911
3434,Kaltenweide,3,47.235,5.016,52.47513600,9.71958824
3424,Braunschweig-Hansestraße,3,,,52.30524529,10.50965909
3425,Braunschweig-Weststadt,3,,,52.24747434,10.50596777
3426,Braunschweig-Ölper,3,22.912,523,52.28168669,10.51540801
3427,Flöthe,3,,,52.05451467,10.50620864
2411,HB-Mahndorfer See,4,105.939,19.399,53.02759694,8.94822839
2410,HB-Silbersee,4,99.325,17.676,53.02357124,8.80731667
2401,HB-Weserbrücke,4,120.301,19.173,53.03507153,8.87299414
2402,HB-Panrepel,4,60.615,5.3,53.04962725,8.97268501
2403,HB-Schwarzer Weg,4,85.449,6.093,53.13101278,8.76034140
5675,AK Leverkusen (O),5,,,51.06330659,7.07118583
5035,AK Leverkusen (W),5,,,51.03757536,6.98603730
5121,Ascheberg,5,67.416,9.894,51.83337406,7.59466706
5060,Euskirchen/Bliesheim,5,50.386,5.447,50.75955211,6.81745222
5124,Hagen-Vorhalle,5,101.222,14.41,51.40099313,7.46259063
5101,Hengsen,5,113.206,18.341,51.48714712,7.62595482
5010,Hürth,5,53.749,5.996,50.83880436,6.79765141
5032,Köln-Lövenich,5,,,50.95672279,6.85050020
5048,Köln-Nord,5,99.525,4.289,51.00823915,6.91165795
5118,Ladbergen,5,63.271,11.447,52.15833030,7.74398143
5143,Lotte,5,75.814,14.811,52.28149925,7.93622592
5047,Nettersheim,5,20.694,3.925,50.49285687,6.67070273
5011,Schloss Burg,5,81.031,7.699,51.12403353,7.17333592
5144,Unna,5,121.648,17.353,51.55124562,7.66382597
5123,Bad Oeynhausen,5,94.901,20.736,52.21056627,8.85923951
5120,Bielefeld,5,90.785,17.796,51.94917628,8.55824098
5122,Gelsenkirchen,5,90.244,17.063,51.57624496,7.16118750
5147,Gelsenkirchen-Erle,5,89.54,12.78,51.56421738,7.07478790
5026,Oberhausen-Sterkrade,5,124.071,20.374,51.53895621,6.86456552
5102,Oelde,5,70.218,13.413,51.81759438,8.16590641
5126,Recklinghausen-Ost,5,85.524,12.692,51.59401481,7.24194345
5125,Waltrop-Brambauer,5,90.373,15.651,51.57507373,7.47744975
5672,AD Heumar (N),5,,,50.93461042,7.04902763
5673,AD Heumar (S),5,98.47,10.931,50.91849010,7.09134656
5058,AK BN-Siegburg (N),5,81.386,11.216,50.78080307,7.24241502
5631,AK BN-Siegburg (S),5,82.234,11.963,50.72885478,7.23855953
5638,AK Breitscheid (N),5,115.254,11.154,51.35214589,6.84974115
5065,AK Breitscheid (S),5,98.281,10.539,51.34676233,6.86307597
5655,AK Hilden (N),5,123.519,11.709,51.21861856,6.92233632
5657,AK Hilden (S),5,117.215,10.74,51.15105228,6.96680084
5003,AK Leverkusen (N),5,,,51.04765248,7.00231375
5676,AK Leverkusen (S),5,152.663,19.142,51.03301976,7.00958203
5025,AK OB-West (Hauptfahrb.),5,114.811,16.065,51.48373762,6.81332556
5665,AK OB-West (N),5,141.151,21.123,51.49217975,6.81724475
5667,AK OB-West (S),5,140.477,18.962,51.48196416,6.81317061
5006,Bad Honnef/Linz,5,76.659,10.451,50.67457054,7.29630032
5002,Breitscheid,5,113.946,11.105,51.38841477,6.81907187
5071,Elten,5,35.214,4.749,51.88510268,6.17951768
5001,Hünxe,5,60.862,7.185,51.62478463,6.75747458
5004,Leverkusen,5,,,51.00395932,7.01419501
5070,Oberhausen-Holten,5,128.479,19.998,51.52388995,6.81495654
5033,Opladen II,5,116.554,9.993,51.06493189,6.98791242
5005,Siegburg,5,80.427,10.714,50.81499221,7.21283872
5072,AC-Vetschau,5,35.549,6.251,50.81429594,6.02932951
5021,AD Heumar (W),5,96.007,14.595,50.91931084,7.04193767
5651,AK Aachen (O),5,75.029,12.05,50.81414195,6.20857313
5654,AK Aachen (W),5,,,50.80461596,6.16429080
5624,AK Kerpen (O),5,99.014,12.276,50.89793813,6.70170677
5622,AK Kerpen (W),5,92.283,13.529,50.89281951,6.69167857
5015,Bensbg.Frankenforst,5,74.834,5.918,50.95023279,7.14457682
5082,Buir / Merzenich,5,72.91,11.86,50.85378971,6.55007521
5034,Eckenhagen,5,35.998,5.055,50.96595065,7.66096136
5068,Engelskirchen,5,50.85,5.335,50.97107101,7.37074022
5053,Köln-Klettenberg,5,121.57,16.03,50.92067006,6.86018232
5049,Rheinbr. Rodenkirchen,5,135.789,18.339,50.89443393,6.98456355
5128,Wenden-Dahl,5,17.874,2.073,50.99524346,7.88958286
5008,Würselen,5,54.341,6.953,50.80277293,6.12857239
5112,Ibbenbüren,5,46.197,9.886,52.25453681,7.81666262
5103,Kirchlengern,5,41.101,7.759,52.18674842,8.63037777
5117,Gescher,5,34.524,4.138,51.92410210,7.03427806
5705,Reken,5,35.303,,51.82856469,6.99988731
5129,Bielefeld-Senne,5,41.196,3.83,51.94313411,8.53215372
5130,Bielefeld-Windflöte,5,38.63,3.44,51.95589038,8.50399330
5111,Paderborn,5,41.297,,51.81360760,8.69996206
5681,AD Essen-Ost (O),5,,,51.45657839,7.04615380
5680,AD Essen-Ost (W),5,,,51.45432369,7.04009068
5022,AK Moers (O),5,81.392,12.563,51.43618014,6.60615446
5663,AK Moers (W),5,59.286,12.4,51.43554021,6.59704422
5113,Bochum,5,109.142,7.85,51.47731863,7.16083818
5343,Dortmund,5,86.913,4.681,51.49620473,7.41211419
5037,Essen-Kray,5,,,51.46950828,7.09478767
5073,Straelen (Niederdorf),5,34.216,10.995,51.38430487,6.25900262
5018,Wankum,5,40.396,11.159,51.38934641,6.30937246
5635,AK Kamp-Lintfort (O),5,42.028,7.058,51.49109753,6.58278753
5024,AK OB-West (O),5,80.594,10.497,51.48635856,6.82182450
5668,AK OB-West (W),5,87.385,9.917,51.48696655,6.80621536
5063,DU Beeckerwerth,5,,,51.48073366,6.69107679
5115,GE-Hessler,5,82.468,8.359,51.51306640,7.02814363
5116,Wanne-Eickel,5,85.344,8.466,51.54210176,7.15510085
5109,Albachten,5,66.144,7.355,51.90604868,7.51263265
5107,Herne,5,99.986,7.59,51.52156868,7.20995382
5132,Recklinghausen-West,5,83.409,5.227,51.59278166,7.18702171
5108,Sprockhövel,5,54.881,3.907,51.37965985,7.26255118
5074,AC-Lichtenbusch,5,28.571,6.81,50.71966653,6.12337609
5650,AK Aachen (N),5,,,50.80899637,6.17144734
5020,AK Aachen (S),5,,,50.79793787,6.16940382
5081,AK Neersen (N),5,66.515,5.74,51.25077205,6.49098445
5077,Aachen-Brand,5,43.449,7.44,50.72340742,6.12935408
5067,Birth (Tunnel Velbert),5,,,51.33154118,7.01361288
5079,Ilverich,5,75.52,4.474,51.28835062,6.67167936
5017,Jülich-Mersch,5,34.054,4.787,50.96744656,6.36622935
5066,Langenberg,5,28.923,1.155,51.35761906,7.04987896
5136,Lichtenau-Blankenrode,5,51.223,12.747,51.53444483,8.89195025
5078,Neersen,5,65.929,5.752,51.26231423,6.50180443
5097,Ratingen-Schwarzbach,5,35.282,1.716,51.28392154,6.80578841
5110,Soest,5,57.425,10.638,51.54587653,8.04810532
5135,Unna-Süd,5,90.306,14.071,51.52013875,7.68046341
5104,Dortmund Süd,5,,,51.44075948,7.51076020
5146,Dortmund-Eichlinghofen,5,56.743,5.751,51.46840940,7.40443843
5139,Dortmund-Marten,5,72.323,6.038,51.50361299,7.38672719
5138,Dortmund-Mengede-West,5,57.21,6.258,51.57704740,7.36498600
5106,Freudenberg,5,59.924,11.315,50.89870908,7.92017816
5105,Lüdenscheid Nord,5,57.9,14.113,51.28626000,7.57980502
5140,Schwerte-Wandhofen,5,92.604,12.236,51.42399216,7.54729967
5023,AK Hilden (O),5,122.038,12.014,51.19549613,6.94344427
5658,AK Hilden (W),5,112.258,12.611,51.19327250,6.93125856
5686,AK Neuss Süd (O),5,71.268,8.378,51.16059420,6.76272413
5075,Dremmen,5,27.064,1.673,51.04822911,6.17231646
5040,Düsseldorf-Flehe,5,89.525,12.252,51.17116282,6.77525800
5150,Freienohl,5,19.942,1.781,51.36254029,8.16294547
5141,Hagen-Hohenlimburg,5,,,51.36924814,7.53937414
5041,Hochneukirch,5,,,51.09284649,6.45921843
5119,Meschede,5,16.224,1.876,51.36166242,8.26901346
5016,Neuss-Holzheim,5,64.24,7.791,51.15151001,6.63151085
5149,Oeventrop,5,20.359,1.815,51.38964710,8.11329881
5044,W-Oberbarmen,5,73.409,9.947,51.30762142,7.23761132
5045,W-Sonnborn,5,93.59,10.473,51.24802416,7.09952629
5043,AD Essen Ost (S),5,,,51.44781382,7.03788332
5639,AK Breitscheid (O),5,105.34,5.204,51.35194861,6.86030699
5637,AK Breitscheid (W),5,119.297,6.874,51.34725794,6.85477371
5260,Elmpt,5,17.296,2.019,51.21061024,6.12411609
5028,Essen-Bredeney,5,75.718,4.006,51.41527897,6.97403524
5142,Gelsenkirchen-Polsum,5,38.446,4.962,51.61958528,7.03561123
5027,Lintorf,5,107.398,6.264,51.33878315,6.84751157
5046,Schwalmtal,5,31.369,2.604,51.20179498,6.26772322
5085,Willich-Schiefbahn,5,52.134,3.817,51.23587714,6.52055563
5030,AD Neuss (N),5,53.243,4.208,51.18261013,6.71103917
5014,AD Neuss (S),5,114.187,13.822,51.17426048,6.71549581
5064,AK Kamp-Lintfort (N),5,62.314,6.686,51.49237311,6.57574294
5636,AK Kamp-Lintfort (S),5,60.838,7.974,51.48458341,6.57874796
5660,AK Moers (N),5,69.009,9.206,51.44027078,6.60285125
5662,AK Moers (S),5,77.754,9.493,51.42250710,6.60558010
5601,AK Neuss-Süd (N),5,98.597,11.601,51.16453490,6.74199151
5061,AK Neuss-Süd (S),5,78.608,11.281,51.13004717,6.79134822
5050,Hommersum,5,13.61,2.525,51.67395783,6.05478025
5088,Meerbusch-Bovert,5,78.511,8.025,51.28057027,6.63860316
5670,Neuss West (S),5,122.057,13.983,51.17641680,6.70153778
5052,Neuss-Büttgen,5,107.312,10.873,51.18878185,6.66095980
5602,Neuss-West,5,119.577,11.915,51.17868307,6.67754288
5019,Rheinberg,5,43.224,4.011,51.54377713,6.56470155
5056,AD Bonn-Beuel (N),5,119.435,7.548,50.76843953,7.14176610
5633,AD Bonn-Beuel (S),5,87.788,3.505,50.76091709,7.13807213
5057,AD St. Augustin (N),5,,,50.79956479,7.14200442
5628,AD St.Augustin (S),5,,,50.78687277,7.15056509
5625,AK Bonn Ost (N),5,66.838,2.386,50.72852753,7.15706699
5674,AK Heumar (Flughfn.),5,,,50.91433100,7.06519197
5062,Duisburg Süd,5,44.883,2.274,51.35825755,6.76316439
5090,Düsseldorf-Urdenbach,5,52.702,2.494,51.13328009,6.90881385
5007,Langenfeld,5,48.579,2.572,51.05042543,6.93856666
5069,Walsum,5,29.835,1.144,51.54437156,6.73915320
5059,AK Kerpen (N),5,64.019,9.763,50.89875437,6.69246816
5621,AK Kerpen (S),5,50.702,10.71,50.89055504,6.69875935
5042,MG-Wickrath,5,73.482,10.317,51.13483601,6.42454332
5080,Miel,5,51.376,11.745,50.65458106,6.92730881
5076,Schwanenhaus,5,27.193,6.611,51.33226346,6.17991219
5137,Werl-West,5,20.665,3.461,51.55918819,7.88957027
5039,Ratingen,5,25.343,1.826,51.34939908,6.83224695
5249,Velbert Nord,5,33.465,1.315,51.34704330,7.04699541
5248,W-Saurenhaus,5,37.409,2.634,51.26222822,7.08424088
5653,AK Aachen (SW),5,,,50.80146738,6.15340382
5029,Bliesheim,5,31.01,3.129,50.77988624,6.83475479
5036,Godorf,5,73.788,4.15,50.83850680,6.96639748
5629,AD St.Augustin (O),5,,,50.79332969,7.15130892
5630,AK BN-Siegburg (O),5,54.396,2.705,50.77564304,7.24752961
5632,AK BN-Siegburg (W),5,60.432,3.638,50.77655677,7.23262237
5051,Hennef,5,44.602,2.009,50.77784762,7.29568681
5055,AK Bonn Ost (W),5,63.27,1.607,50.72297017,7.15639558
5626,AK Bonn-Ost (O),5,9.058,171,50.72618939,7.16469062
5634,AD Bonn-Beuel (W),5,97.893,6.724,50.76458785,7.12732695
5013,Meckenheim-Merl,5,37.378,3.609,50.63789564,7.05549241
6854,AD Mönchhof (O),6,138.33,17.424,50.03832243,8.52303283
6853,AD Mönchhof (W),6,120.332,16.074,50.02577147,8.48204770
6846,Elzer Berg,6,89.441,14.949,50.41015961,7.99600410
6856,Frankfurter Kreuz (W),6,130.228,18.04,50.05318527,8.59802553
6859,Hanau,6,123.014,19.048,50.06102532,8.85531831
6807,Hanau (S),6,77.802,13.77,50.04519366,8.93008241
6849,Idstein,6,93.461,13.906,50.21605738,8.25004359
6848,Lindenholzhausen,6,90.853,13.698,50.36829500,8.11630850
6851,Medenbach,6,103.351,14.187,50.10223896,8.34918282
6852,Weilbach,6,105.221,14.147,50.03681776,8.43350377
6881,Bad Hersfeld,6,39.609,,50.85202056,9.69578331
6880,Herleshausen,6,36.685,9.44,51.00743358,10.20111267
6810,AD Hattenbach 2,6,55.157,10.722,50.80456522,9.50277084
6821,AK Frankfurt NW (N),6,134.519,17.427,50.15598333,8.60251183
6816,AK Gambach (N),6,49.74,7.937,50.48823525,8.73405085
6817,AK Gambach (S),6,99.82,14.138,50.45603626,8.71471827
6811,Alsfeld,6,56.029,11.101,50.74295513,9.28744233
6923,Frankfurt-Niederrad,6,156.196,14.638,50.07411690,8.61471136
6812,Gemünden (Felda),6,57.08,11.137,50.68369825,9.03555777
6826,Griesheim,6,134.325,14.818,49.88457672,8.60327631
6813,Grünberg-Lumda,6,62.136,11.482,50.63819838,8.94272696
6940,Heppenheim,6,67.755,7.571,49.60637113,8.62993991
6825,Mörfelden-Walldorf,6,133.865,14.271,50.01282929,8.59423095
6815,Reiskirchen,6,47.459,7.763,50.59513361,8.81337276
6824,Rosbach,6,105.594,13.407,50.36209235,8.69849837
6829,AD Viernheim (W),6,50.14,6.79,49.55597667,8.54214822
6830,AK Viernheim (N),6,88.418,11.725,49.53681026,8.55934187
6808,AD Hattenbach (N),6,93.838,20.294,50.81480360,9.54480209
6874,AD Hattenbach 3,6,47.245,10.768,50.79827391,9.54185121
6806,Bad Hersfeld-West,6,68.229,14.247,50.91280310,9.57147698
6814,Berndshausen,6,69.374,14.232,51.04343100,9.49465159
6877,Fulda-Nord,6,48.065,10.374,50.57966518,9.71208466
6800,Kassel-Nord (N),6,76.599,16.455,51.32369795,9.56975043
6804,Melgershausen,6,74.315,14.677,51.15845324,9.48165919
6883,Pilgerzell,6,48.827,10.441,50.51830314,9.74058506
6878,Welkers,6,40.625,9.208,50.47577062,9.71172533
6875,Wetzlos,6,47.43,10.529,50.75551765,9.61685676
6866,Niederelsungen,6,50.567,12.376,51.40351134,9.17796512
6844,AK Gambach (O),6,35.132,5.423,50.47256331,8.73737954
6843,AK Gambach (W),6,77.036,11.206,50.51733255,8.66443072
6903,Bisses,6,29.368,5.148,50.39378824,8.93327939
6835,Würgendorf,6,54.042,11.165,50.76109713,8.15606498
6645,Baunatal,6,41.402,3.611,51.23821470,9.42732521
6991,AD Rüsselsheim (W),6,89.148,9.512,49.97551837,8.43973803
6993,AS Königstädten (W),6,85.509,9.042,49.97510179,8.43580167
6992,Bischofsheim,6,90.107,8.681,49.97630325,8.35636417
6960,AS Bergen-Enkheim,6,20.875,565,50.14013640,8.75806715
6912,F - Miquelallee,6,80.893,1.892,50.13518043,8.62304660
6962,Hanau-West,6,42.648,2.227,50.14730320,8.85994422
6902,Wiesbaden-Erbenheim,6,116.686,6.242,50.05598240,8.32113127
6909,Wirtheim 2,6,46.588,4.642,50.22440978,9.26048995
6931,AD Mönchhof (S),6,91.727,10.324,50.01090736,8.49315916
6932,AD Rüsselsheim (N),6,92.564,11.094,49.98535778,8.46600522
6933,AD Rüsselsheim (S),6,74.171,7.307,49.95633236,8.47550070
6823,AD Viernheim Nord,6,78.514,10.379,49.62105175,8.55623537
6827,AK Darmstadt Süd,6,,,49.84535513,8.59536593
6935,Büttelborn,6,59.288,5.675,49.88976233,8.55040109
6828,Gernsheim,6,,,49.71039208,8.54605931
6980,Lollar (Reiskirchen),6,20.521,3.903,50.62272476,8.80363012
6890,AD Eschborn (S),6,64.274,1.897,50.12522298,8.57859127
6996,Viernheim-Ost,6,61.981,3.352,49.52481319,8.56582660
6952,AK Offenbach (N),6,100.353,6.86,50.08554098,8.73716824
6954,AK Offenbach (S),6,71.559,3.82,50.05527761,8.72384449
6986,Frankfurt-Heddernheim,6,91.224,3.954,50.16909378,8.65976489
7164,Hetzerath,7,35.885,4.694,49.87684895,6.83684715
7603,Laufeld,7,24.179,3.727,50.08319972,6.87189014
7778,AD Dernbach VQ Süd,7,98.756,16.055,50.45477699,7.77664073
7781,AS Dierdorf VQ Nord,7,73.754,11.234,50.53743500,7.59429238
7779,AS Ransbach-Baumb. VQ Süd,7,83.281,,50.48118977,7.75624864
7121,Ammerich,7,79.037,11.435,50.59476202,7.44646752
7783,Birken,7,78.729,11.532,50.63446934,7.37034141
7144,Girod,7,88.593,15.427,50.44873907,7.90610908
7070,Rasthaus Sessenhausen,7,71.617,10.645,50.52362193,7.67398535
7459,AK Landstuhl VQ Ost,7,,,49.41887616,7.53578488
7458,AK Landstuhl VQ West,7,,,49.41491293,7.52086360
7454,AS Frankenthal VQ West,7,43.746,5.629,49.55403187,8.34623448
7453,AS Ludwigshafen VQ West,7,44.008,5.847,49.55482706,8.35999870
7455,AS Wattenheim VQ Ost,7,36.921,5.883,49.52688272,8.07367819
7338,Daubenbornerhof,7,33.615,5.639,49.46059450,7.85775920
7456,Enkenbach/Alsenborn,7,32.294,5.7,49.47994629,7.92731989
7604,Gerolsheim,7,45.075,6.937,49.55263356,8.26116396
7125,Kaiserslautern-Ost,7,57.146,8.943,49.44914582,7.71848268
7124,Kaiserslautern-West,7,62.79,8.763,49.44390056,7.67568094
7120,Landstuhl,7,58.658,8.304,49.42404912,7.61113222
7118,Miesau,7,37.074,6.309,49.38818350,7.43711141
7343,PRE-Park,7,36.844,5.729,49.45499597,7.81390666
7155,Rheinbrücke Frankenthal,7,,,49.54729037,8.41295786
7184,Ixheim,7,25.419,3.349,49.22652786,7.36698236
7132,AK Koblenz (Ost),7,50.918,7.316,50.36328292,7.49064358
7133,AK Koblenz (West),7,27.496,3.125,50.35242950,7.47456048
7946,AS Bendorf VQ Ost,7,46.649,6.85,50.41246227,7.58912085
7130,Höhr-Grenzhausen,7,46.383,6.716,50.44392794,7.66157700
7770,Kannenbäckerland,7,42.333,6.564,50.45125232,7.72416974
7131,Rheinbrücke Bendorf,7,66.717,8.177,50.40670909,7.56977256
7401,AD Mainz VQ Süd,7,64.529,5.293,49.99537987,8.18719103
7928,AK Mainz VQ West,7,68.102,5.403,49.96455257,8.23474215
7409,AS Heidesheim VQ West,7,66.11,5.603,50.00056827,8.12731110
7787,AS Ingelheim-Ost VQ West,7,58.38,5.277,49.98288470,8.03982927
7633,AS Ingelheim-West VQ West,7,54.108,5.138,49.97925502,8.01798449
7909,AS MZ-Finthen VQ Ost,7,61.357,5.252,49.98483587,8.20163824
7911,AS MZ-Hechtsh.-W. VQ Ost,7,79.328,8.59,49.96972614,8.26184488
7912,AS MZ-Laubenheim VQ West,7,90.206,9.776,49.97020794,8.30524986
7110,Feuerscheid,7,17.646,4.099,50.10425268,6.44274908
7109,Heidesheim,7,69.742,5.226,50.00079280,8.15093683
7063,Rheinbrücke Weisenau,7,102.366,10.697,49.97277831,8.31821173
7560,Spangdahlem,7,12.839,1.942,50.00886334,6.68375767
7950,Steinebrück,7,7.291,1.577,50.23494450,6.18276169
7318,AK Alzey VQ Nord,7,48.935,10.646,49.77969839,8.10806204
7142,AK Koblenz (Nord),7,50.422,11.831,50.36288557,7.47655598
7141,AK Koblenz (Süd),7,52.477,11.854,50.35147173,7.49463178
7450,AK Ludwigshafen VQ Süd,7,62.536,12.958,49.44768385,8.32053732
7632,AS Alzey VQ Nord,7,57.956,11.129,49.75673317,8.12210154
7442,AS Boppard VQ Nord,7,51.098,10.921,50.21560476,7.54764836
7443,AS Emmelshausen VQ Nord,7,50.141,10.771,50.16263832,7.59448063
7447,AS Gundersheim VQ Nord,7,49.665,10.885,49.74992739,8.13151695
7448,AS Gundersheim VQ Süd,7,50.723,10.553,49.69930501,8.21457980
7445,AS Laudert VQ Nord,7,47.338,10.546,50.07912349,7.61724706
7446,AS Laudert VQ Süd,7,46.675,10.532,50.07279361,7.62687952
7444,AS Pfalzfeld VQ Nord,7,48.49,10.698,50.15356923,7.59527780
7775,AS Plaidt VQ Nord,7,50.896,11.85,50.38065167,7.38333249
7451,AS Schifferstadt VQ Nord,7,47.365,10.183,49.39708097,8.34076153
7452,AS Schifferstadt VQ Süd,7,44.242,9.972,49.38806466,8.34067518
7966,AS Waldesch VQ Nord,7,45.551,10.642,50.25317826,7.51783222
7449,AS Worms VQ Nord,7,52.397,10.804,49.66347513,8.27607649
7148,Ahrtalbrücke,7,63.932,14.429,50.57020928,7.13937961
7773,Beller Hof,7,65.609,14.648,50.39247289,7.24984103
7233,Daxweiler,7,,,49.96921578,7.75487232
7771,Löhndorf,7,66.859,14.828,50.52011235,7.19586638
7123,Maxdorf,7,73.995,14.348,49.48481195,8.31215381
7774,Mendig (Brauerhof),7,54.448,13.119,50.38801119,7.29931913
7140,Moseltalbrücke,7,46.352,10.937,50.31000671,7.48692655
7230,Nahebrücke Bingen,7,,,49.93248774,7.90622526
7955,RP Brohltal,7,65.63,14.614,50.44605497,7.22780942
7119,Rheinbrücke Speyer-Nord,7,57.081,10.408,49.35316755,8.44885590
7149,Ringen-Vettelhoven,7,75.689,14.48,50.58116133,7.06207666
7129,Sprendlingen,7,47.545,10.305,49.85177841,7.97810705
7224,Wies-Oppenheim,7,54.835,10.804,49.60386341,8.28836733
7460,AK Landstuhl VQ Nord,7,,,49.42134057,7.52494846
7461,AK Landstuhl VQ Süd,7,,,49.41332083,7.53117125
7150,Hörnchenbergtunnel,7,10.237,1.03,49.39459277,7.55910457
7128,Rückweiler,7,14.028,2.02,49.57589279,7.23396856
7561,Weselberg,7,8.057,839,49.33775250,7.60011259
7345,AD Kaiserslautern VQ Nord,7,31.37,3.656,49.46184468,7.81488136
7432,AK Alzey VQ West,7,33.831,4.285,49.77231799,8.10464703
7415,AS Klein-Winternh. VQ Süd,7,62.132,5.549,49.94642359,8.21454881
7784,AS Nieder-Olm VQ Süd,7,,,49.90914062,8.19220837
7100,Albig,7,39.718,4.606,49.78100591,8.12253923
7786,Marienborn,7,66.026,5.186,49.95767301,8.23119014
7201,Saulheim,7,46.38,4.619,49.87160879,8.16429589
7903,Winnweiler,7,26.117,3.676,49.55614408,7.87761661
7022,Sauertalbrücke,7,31.033,4.562,49.73479402,6.51331835
7437,AS Dannstadt VQ Ost,7,52.943,5.104,49.43660152,8.31054251
7436,AS Dannstadt VQ West,7,50.776,5.056,49.43004680,8.30122514
7440,AS Edenkoben VQ Nord,7,40.229,4.662,49.29050154,8.15243964
7441,AS Edenkoben VQ Süd,7,39.075,4.72,49.28151465,8.15315065
7435,AS Mutterstadt VQ Ost,7,32.434,1.723,49.45171973,8.34682390
7434,AS Mutterstadt VQ West,7,33.426,1.796,49.44794377,8.33715510
7045,Kandel,7,45.088,7.097,49.08259500,8.21338691
7650,AD Sinzig VQ Ost,7,6.974,468,50.53130668,7.19095410
7949,AD Bad Neuenahr VQ Süd,7,,,50.57110348,7.11910310
7323,Ruwer,7,41.023,2.164,49.78311689,6.70466002
7424,AS MZ-Gonsenheim VQ Süd,7,,,50.00954718,8.19854561
7422,AS Mainz-Mombach VQ Süd,7,,,50.02466596,8.21079680
7112,Rheinbrücke Schierstein,7,,,50.03357755,8.21203580
7809,AK Ludwigshafen VQ West,7,33.943,1.258,49.47570257,8.30733600
7431,AS Oggersheim-Süd VQ Ost,7,66.872,2.583,49.47795857,8.38247948
7439,AS Ruchheim VQ Ost,7,45.193,2.096,49.48179040,8.33504813
7438,AS Ruchheim VQ West,7,42.46,2.223,49.47959058,8.32135011
7104,Oggersheim,7,72,2.96,49.48032528,8.36378785
8035,Achern,8,70.88,11.853,48.64659347,8.03021701
8010,Eppelheim,8,75.94,7.694,49.40530571,8.63697007
8023,Karlsruhe 1,8,140.793,21.332,48.98399876,8.43661093
8053,Kleinkems,8,45.531,5.016,47.67402633,7.52353900
8052,Neuenburg am Rhein,8,17.306,4.438,47.77572513,7.53194981
8047,Nimburg,8,74.631,9.374,48.11023837,7.78949761
8018,St. Leon,8,109.847,17.259,49.27077092,8.61358994
8049,T+R Breisgau,8,66.808,9.119,47.97089808,7.71984782
8099,Weil am Rhein/GZA,8,32.945,2.666,47.59082812,7.60335354
8017,AD Hockenheim,8,99.655,16.317,49.32951341,8.56155251
8059,Neckarsulm 1,8,99.204,19.234,49.17590460,9.24051724
8091,Schwabbach,8,64.392,14.566,49.17711613,9.40532791
8016,Walldorf,8,93.324,17.731,49.27567884,8.63581870
8061,Langenau,8,48.455,6.505,48.49816485,10.08494990
8078,Aichelberg,8,72.005,11.212,48.62842846,9.57451898
8075,Denkendorf,8,106.554,13.184,48.68428057,9.32528366
8068,Merklingen,8,,,48.51927869,9.78928002
8077,Pforzheim-Ost,8,89.435,13.437,48.91942984,8.75874058
8073,Stuttgart-Vaihingen,8,149.743,19.276,48.73629557,9.04030753
8101,Böblingen,8,128.151,9.657,48.71480285,9.05398098
8746,Geisingen,8,,,47.89245453,8.71351935
8028,Horb,8,54.47,6.225,48.45207210,8.77015756
8088,Korntal,8,115.685,13.077,48.83732204,9.09839689
8087,Ludwigsburg,8,128.228,13.089,48.89972145,9.15328527
8084,Neuenstadt,8,37.749,5.744,49.21625168,9.34729157
8086,Pleidelsheim,8,108.87,11.685,48.96513440,9.22304782
8038,T+R Hegau,8,38.481,4.526,47.86112365,8.78809340
8041,Leutkirch-West,8,40.781,5.042,47.86944115,10.02162138
8120,Wangen,8,34,3.958,47.69551428,9.79316486
8998,Lauchringen,8,10.709,1.407,47.63569787,8.30175444
8003,Lörrach,8,26.484,2.146,47.62393130,7.68106371
8116,Murg,8,6.974,852,47.56841328,8.05244618
8040,Stockach,8,25.622,3.122,47.82786667,8.94074841
8009,Mannheim-Seckenheim,8,48.559,2.512,49.45789028,8.54857118
8961,Rheinfelden,8,27.858,1.444,47.55201503,7.75751104
8034,Bad Dürrheim,8,16.728,1.98,47.99398080,8.59011187
9033,AD Seligenstadt (O),9,94.68,15.454,49.98827092,9.02991729
9011,AD Würzburg-West (O),9,84.542,17.564,49.74931005,9.83747929
9034,AD Würzburg-West (W),9,62.902,13.463,49.75091045,9.79432498
9046,AK Altdorf (S),9,51.922,10.823,49.39795561,11.30551384
9038,AK Biebelried (O),9,65.189,13.234,49.78646362,10.15925843
9036,AK Biebelried (W),9,72.255,15.423,49.77428740,10.07921913
9093,AK Deggendorf (W),9,39.084,9.437,48.82191416,12.92977988
9050,AK Fürth/Erlangen (O),9,96.256,16.263,49.54115116,11.02270420
9951,AK Fürth/Erlangen (W),9,90.089,,49.56011538,10.98305259
9040,AK Nürnberg (O),9,45.146,9.469,49.45415266,11.25529647
9039,AK Nürnberg (W),9,105.541,18.756,49.46625023,11.21792788
9080,AK Regensburg (O),9,78.507,14.214,48.99107416,12.07535774
9074,AK Regensburg (W),9,58.056,10.28,48.99562304,12.03033273
9505,AS Aschaffenburg (W),9,,,49.99008818,9.06027366
9508,AS Bessenbach-Waldaschaff,9,,,49.98398205,9.26141415
9519,AS Erlangen-Tennenlohe,9,97.605,17.402,49.52734630,11.06509815
9518,AS Erlangen-West,9,70.937,14.095,49.57676419,10.93124967
9515,AS Geiselwind,9,63.125,14.693,49.76112846,10.55680653
9507,AS Goldbach,9,92.399,13.967,50.00292855,9.21893582
9517,AS Höchstadt-Ost,9,70.067,13.807,49.66712278,10.88261594
9510,AS Marktheidenfeld,9,,,49.80773264,9.58222760
9520,AS Nürnberg-Nord,9,101.975,17.444,49.49329572,11.14865091
9521,AS Nürnberg/Behringersd.,9,102.555,16.431,49.47525095,11.17906348
9624,AS Oberölsbach,9,,,49.35455946,11.43623597
9516,AS Schlüsselfeld,9,64.23,14.788,49.73140237,10.72620092
9511,AS Wertheim/Lengfurt,9,61.225,12.571,49.77375676,9.71483330
9513,AS Würzburg-Heidingsfeld,9,,,49.74161663,9.96998602
9506,AS-Aschaffenburg,9,77.665,,49.99134377,9.16001633
9512,AS-Würzburg-Randersacker,9,69.479,15.357,49.76228284,10.05851942
9628,Aicha vorm Wald,9,45.181,10.069,48.67309516,13.25121338
9041,Geiselwind (W),9,63.282,14.255,49.77025270,10.47300499
9727,Goldbach (W),9,90.653,14.835,49.99394136,9.18515248
9010,Hösbach (O),9,71.106,13.268,50.00219934,9.22913755
9027,Kitzingen/Schwarzach (O),9,63.537,13.968,49.78140656,10.26205774
9051,Neumarkt/Opf. (S),9,38.099,9.892,49.31516976,11.47989321
9081,Nittendorf (W),9,42.332,9.31,49.03566576,11.93573767
9085,Pocking (O),9,30.199,9.117,48.41777725,13.40514367
9252,Pommersfelden (O),9,65.502,13.567,49.72285701,10.82745274
9251,Pommersfelden (W),9,66.502,14.309,49.73565070,10.80637361
9076,Regensburg-Ost (O),9,66.878,11.608,49.00060794,12.17128340
9009,Regensburg-Ost (W),9,73.417,13.159,48.99727592,12.14530366
9991,Rohrbrunn (O),9,56.278,12.24,49.89863839,9.39161590
9077,Rosenhof (W),9,57.617,11.339,48.99260718,12.22520018
9627,Schlüsselfeld,9,63.394,,49.75981822,10.58521620
9159,Würzburg-Kist,9,83.094,16.985,49.74918532,9.88854929
9054,AK Altdorf (O),9,32.86,8.155,49.40814958,11.32497501
9567,AK Feuchtw./Crailsh. (O),9,53.181,14.282,49.20894304,10.24888809
9566,AK Feuchtw./Crailsh. (W),9,53.377,14.741,49.20478370,10.21986210
9753,AK Nürnberg-Ost (O),9,42.151,9.743,49.39804701,11.21221484
9047,AK Nürnberg-Ost (W),9,,,49.39372351,11.18950474
9944,AK Nürnberg-Süd (W),9,82.477,16.904,49.33828809,11.06885301
9088,AK Oberpfälzer Wald (O),9,19.24,6.099,49.52588336,12.18040930
9238,AK Oberpfälzer Wald (W),9,18.112,5.866,49.49783971,12.14846621
9528,AS Amberg-Ost,9,18.463,5.877,49.42226969,12.00017297
9524,AS Ansbach,9,55.328,14.871,49.25061448,10.63780099
9523,AS Aurach,9,55.935,15.03,49.24931705,10.46869220
9522,AS Feuchtwangen-Nord,9,,,49.25424186,10.41416296
9526,AS Neuendettelsau,9,56.659,14.696,49.31568352,10.85466273
9525,AS Neuendettelsau (W),9,57.163,14.96,49.29950976,10.74974210
9527,AS Nürnbg.-Langwasser (W),9,,,49.38444210,11.14713119
9018,Alfeld (O),9,27.367,7.234,49.40839518,11.59073207
9239,Amberg-Ost (W),9,22.799,7.033,49.40005819,11.97771837
9751,Herrieden (O),9,57.069,14.718,49.26281287,10.51040836
9055,Roth (W),9,72.975,15.436,49.32559245,11.05080587
9651,Schwabach-West,9,64.393,15.685,49.30999540,11.00395029
9008,Waidhaus (O),9,15.033,6.22,49.63176413,12.50608989
9097,AD Allgäu (S),9,27.988,1.57,47.67953838,10.37300972
9230,AD Hittistetten (S),9,69.428,6.711,48.31596927,10.09213082
9037,AK Biebelried (N),9,39.715,8.866,49.78839444,10.07522679
9452,AK Biebelried (S),9,25.964,4.702,49.77069402,10.09893934
9569,AK Feuchtw./Crailsh. (N),9,29.061,5.008,49.21427543,10.22588790
9568,AK Feuchtw./Crailsh. (S),9,45.57,8.486,49.19016012,10.23701477
9231,AK Memmingen (S),9,37.426,3.489,47.99175240,10.15056419
9534,AS Bad Windsheim,9,29.313,5.287,49.44362191,10.25386994
9531,AS Kitzingen,9,27.896,4.845,49.71892541,10.10239311
9532,AS Marktbreit,9,,,49.64732972,10.15455973
9697,AS Oy-Mittelberg (O),9,27.19,1.629,47.65246096,10.47094945
9696,AS Oy-Mittelberg (W),9,20.361,1.309,47.65397667,10.46056224
9535,AS Rothenburg o.d.T.,9,29.868,5.309,49.26937541,10.23633217
9533,AS Uffenh.-Langensteinach,9,27.11,,49.50172513,10.19753862
9152,AS Wasserlosen,9,44.792,9.794,50.06845069,10.04122462
9529,AS Wasserlosen,9,43.294,9.495,50.03947180,10.06739648
9625,Bottenweiler,9,29.324,4.837,49.21407455,10.22608621
9020,Gramschatzer Wald (S),9,62.315,10.526,49.90841870,9.99893975
9530,Kreuz Schweinfurt/Werneck,9,,,49.98947466,10.06476737
9016,Nesselwang (W),9,20.347,1.264,47.64044917,10.51152827
9071,Tunnel Füssen,9,16.652,1.086,47.56791840,10.65911308
9072,Tunnel Reinertshof,9,17.165,1.274,47.60537454,10.65548477
9067,Uffenheim/Langenst. (N),9,,,49.51287196,10.19708423
9180,AD Inntal (W),9,,,47.81362364,12.07154323
9223,AD München-Eschenried,9,39.925,,48.19941615,11.40502145
9224,AK München Süd,9,120.758,,47.98876306,11.68137769
9140,AK München-West (O),9,35.647,1.616,48.17337285,11.44441919
9141,AK München-West (W),9,45.583,2.494,48.18616466,11.42507999
9195,AS Anger,9,37.896,,47.76743110,12.90156876
9192,AS Grabenstätt,9,54.267,7.775,47.82739891,12.57308021
9225,AS Holzkirchen,9,87.574,12.125,47.86712844,11.79074688
9227,AS Irschenberg,9,79.882,10.798,47.83016599,11.91082494
9193,AS Schweinbach,9,,,47.82873236,12.64047371
9194,AS Traunstein,9,,,47.83063767,12.73266912
9226,AS Weyarn,9,84.139,13.965,47.83293597,11.88316362
9960,Adelzhausen (O),9,81.228,11.136,48.33979204,11.15600367
9132,Adelzhausen (W),9,80.993,10.857,48.36695708,11.11338759
9962,Augsburg-Ost,9,95.357,13.294,48.40683488,10.93829629
9963,Augsburg-West,9,105.275,14.921,48.41434786,10.88174857
9131,Augsburg-West (W),9,75.786,10.312,48.41557496,10.85590000
9032,Bad Reichenhall (O),9,,,47.76833120,12.94081783
9012,Burgau (W),9,62.275,9.946,48.42707488,10.38132510
9772,Dachau/FFB (O),9,106.866,11.465,48.22087749,11.36967348
9773,Dachau/FFB (W),9,,,48.23871630,11.33875290
9961,Derching,9,87.689,12.475,48.40161311,10.97814716
9028,Felden (O),9,57.456,6.75,47.83238554,12.38920804
9026,Frasdorf (O),9,60.835,6.737,47.80350472,12.30107944
9171,Holzkirchen (W),9,109.273,,47.93634145,11.70464187
9966,Leipheim (O),9,66.863,11.167,48.43047611,10.22508859
9130,Leipheim (W),9,65.925,11.467,48.44594838,10.20729078
9082,München-Perlach (S),9,52.948,1.366,48.09989868,11.61362156
9031,Neukirchen (O),9,45.592,,47.83063969,12.74319514
9964,Neusäß (W),9,70.409,10.032,48.41951862,10.80904032
9014,Odelzhausen (O),9,87.48,10.932,48.29378445,11.23538368
9023,Rosenheim (O),9,67.491,7.037,47.80597722,12.13809450
9003,Sulzemoos (O),9,90.656,11.078,48.27452757,11.28269172
9013,Zusmarshausen (O),9,64.373,9.774,48.40960266,10.61038771
9965,Zusmarshausen (W),9,62.034,9.795,48.40879537,10.58419458
9903,AD Bayer. Vogtland (N),9,41.607,8.59,50.33550106,11.78775667
9994,AD Bayer. Vogtland (S),9,55.476,11.674,50.31020582,11.80181154
9001,AD Bayreuth/Kulmbach (N),9,73.084,13.671,50.03676836,11.60950967
9002,AD Bayreuth/Kulmbach (S),9,68.847,11.977,50.01851274,11.60443866
9241,AD Dreieck Holledau,9,,,48.56154097,11.58937133
9056,AD Holledau (N),9,,,48.60609100,11.54787362
9110,AD Holledau (S),9,,,48.53072288,11.59189111
9538,AD Nürnberg-Feucht (S),9,82.546,11.718,49.31279514,11.20756230
9115,AK München-Nord (N),9,,,48.23596350,11.63669873
9066,AK München-Nord (S),9,124.487,6.587,48.20783316,11.62260381
9059,AK Neufahrn (N),9,,,48.40688723,11.58969898
9065,AK Neufahrn (S),9,,,48.31171179,11.62365652
9042,AK Nürnberg (N),9,79.749,12.637,49.47336274,11.25933054
9060,AK Nürnberg (S),9,110.234,17.646,49.42080046,11.20462153
9057,AK Nürnberg-Ost (N),9,106.067,17.297,49.40179965,11.19665977
9754,AK Nürnberg-Ost (S),9,71.076,11.495,49.38807204,11.20210599
9539,AS Allersberg (S),9,74.193,11.082,49.22113277,11.22525394
9623,AS Bayreuth-Nord,9,64.43,11.463,49.95164107,11.60775286
9622,AS Bindlacher Berg,9,67.683,11.539,49.98140335,11.60732188
9620,AS Hof-West,9,65.786,14.371,50.20690337,11.77766032
9621,AS Münchberg-Nord,9,64.665,14.377,50.17874002,11.75382612
9536,AS Pegnitz,9,56.868,11.065,49.72858577,11.50980347
9058,Allershausen (N),9,,,48.47087009,11.58601215
9062,Garching-Nord (N),9,138.067,12.271,48.27587697,11.64249927
9063,Garching-Nord (S),9,146.579,13.088,48.25821797,11.64712540
9061,Greding (N),9,73.103,11.244,49.05102491,11.33127420
9552,Ingolstadt-Nord (S),9,103.678,11.84,48.76465310,11.45952192
9728,Lauf (N),9,75.867,12.985,49.50422704,11.29117128
9090,Lenting (S),9,86.494,11.03,48.78362659,11.45997235
9554,Manching (N),9,98.034,11.978,48.72773130,11.47460354
9242,München-Fröttmaning-Süd,9,112.304,6.58,48.19846317,11.61797135
9064,München-Schwabing (N),9,88.975,5.032,48.18533873,11.60847490
9029,Pegnitz (N),9,54.989,10.613,49.73265532,11.51335194
9540,AS Alzenau-Nord,9,39.782,5.721,50.09606532,9.03105469
9950,Alzenau (S),9,41.741,5.828,50.08345032,9.03575643
9053,AD Bayreuth/Kulmbach (W),9,24.421,4.255,50.02601661,11.59757080
9203,AD Schweinf./Werneck (O),9,45.182,7.527,50.00041105,10.10804188
9234,AD Werntal (O),9,46.553,6.909,50.02121562,10.16840663
9233,AD Werntal (W),9,48.676,7.889,50.01480758,10.15915545
9068,AK Bamberg (O),9,24.788,3.948,49.93157676,10.92728845
9024,AK Bamberg (W),9,44.776,6.14,49.92483574,10.90725348
9549,AS Bamberg-Hafen,9,44.558,5.945,49.91986671,10.87045433
9547,AS Eltmann,9,29.711,5.102,49.96628899,10.72033283
9544,AS Gochsheim,9,35.632,5.425,50.02613166,10.31236689
9580,AS Hallstadt,9,48.985,6.698,49.92226360,10.88806771
9546,AS Knetzgau,9,25.112,3.906,49.97815652,10.62971614
9545,AS Schonungen,9,28.808,4.944,50.00287534,10.41786611
9541,AS Schweinf./Bergrheinf.,9,43.643,6.567,50.02126408,10.19693043
9542,AS Schweinfurt-Hafen,9,40.821,6.261,50.02275827,10.22817337
9543,AS Schweinfurt-Zentrum,9,36.538,5.402,50.02690664,10.24857221
9548,AS Viereth-Trunstadt,9,32.662,4.841,49.92548494,10.81331477
9256,Knezgau (W),9,25.49,4.634,49.98304209,10.54255318
9232,AD Werntal (N),9,23.931,2.701,50.02010093,10.16202895
9166,Mellrichstadt (N),9,13.626,2.101,50.42878647,10.39142040
9167,Pfersdorf,9,24.795,2.567,50.13024904,10.14984215
9025,AD Bayer. Vogtland (O),9,31.884,7.141,50.32652079,11.79740141
9095,AD Hochfranken (O),9,37.77,7.567,50.38902142,11.97704256
9094,AD Hochfranken (W),9,37.083,8.281,50.37981273,11.95305065
9005,AD Nürnberg/Feucht (W),9,31.117,5.133,49.36277672,11.19864156
9101,AK Bamberg (N),9,41.646,4.525,49.93518681,10.91097628
9952,AK Fürth/Erlangen (N),9,80.383,7.005,49.56790328,10.99106615
9953,AK Fürth/Erlangen (S),9,67.755,5.233,49.55165903,10.99292785
9581,AK Kreuz Bamberg,9,58.146,7.73,49.92522955,10.92180553
9588,AS Baiersdorf-Nord,9,60.965,6.601,49.65144787,11.03028134
9587,AS Baiersdorf-Nord (N),9,,,49.68673483,11.05721482
9582,AS Bamberg-Ost,9,47.514,6.882,49.88587337,10.94929451
9583,AS Bamberg-Süd,9,49.118,5.593,49.85846754,10.97349020
9585,AS Buttenheim,9,47.04,5.641,49.76514484,11.05108583
9650,AS Erlangen-Eltersdorf,9,64.287,5.449,49.53693067,10.99266154
9660,AS Erlangen-Nord,9,75.25,7.367,49.60023022,10.99830624
9661,AS Erlangen-Zentrum,9,79.803,6.756,49.58761479,10.99085419
9586,AS Forchheim-Nord,9,47.423,5.928,49.72513161,11.05331752
9584,AS Hirschaid,9,49.3,5.741,49.80070700,11.01944890
9589,AS Möhrendorf,9,67.376,6.864,49.62591206,11.00753908
9662,AS Nürnberg-Königshof,9,88.489,11.307,49.39508563,11.10498707
9593,AS Nürnberg-Zollhaus (S),9,83.269,10.306,49.37883562,11.13499627
9594,AS Wendelstein-Nord,9,49.415,6.256,49.37383618,11.14901922
9021,Bamberg-Ost (N),9,56.222,7.445,49.91174356,10.94004501
9306,Ebensfeld,9,,,50.06352615,10.97263421
9165,Eisfeld (S),9,14.37,2.006,50.37984403,10.91587314
9004,Nürnberg-Hafen-Ost (S),9,88.672,8.512,49.40199116,11.07369255
9111,Nürnberg/Fürth (N),9,71.293,5.346,49.47246024,11.01516201
9333,Röthenbach b.St.W. (O),9,47.592,6.03,49.36852851,11.17163932
9235,Untersiemau (N),9,16.625,2.185,50.16686764,11.00748688
9236,Untersiemau (S),9,25.179,2.773,50.15815805,11.01691000
9035,AD Würzburg-West (S),9,29.984,5.269,49.73186512,9.82558323
9217,AD M.-Feldmoching (N),9,59.463,5.403,48.24495409,11.53367972
9007,AK Neufahrn (O),9,103.411,,48.32880671,11.65067653
9015,AK Neufahrn (W),9,,,48.30485655,11.59701440
9184,AS Erding,9,40.913,4.564,48.38901381,11.78618057
9185,AS Flughafen München,9,102.559,9.317,48.33792906,11.70888762
9182,AS Freising Mitte,9,51.618,5.454,48.35150813,11.72828140
9183,AS Freising Ost,9,51.034,6.995,48.37514692,11.74991169
9017,Altdorf (O),9,43.396,5.646,48.56995703,12.11390916
9019,Landau a.d. Isar (W),9,32.821,4.636,48.68853540,12.64836728
9006,Oberschleißheim (O),9,62.39,6.601,48.25963991,11.53469968
9096,AD Hochfranken (S),9,21.478,4.297,50.37926833,11.96403906
9190,AD Inntal (S),9,50.545,8.168,47.79483521,12.08998953
9087,AK Oberpfälzer Wald (S),9,35.315,5.814,49.50541742,12.18077432
9045,AK Regensburg (N),9,71.571,6.891,48.99708771,12.06339849
9629,Fischbach am Inn,9,47.476,8.033,47.71146732,12.15058062
9191,Kiefersfelden (S),9,40.034,7.875,47.60601589,12.19531279
9044,Rgb.-Königswiesen (S),9,66.835,6.994,49.00861992,12.06058092
9049,Rgb.-Pfaffenstein (N),9,70.014,6.533,49.03669376,12.08780390
9902,Schwandorf-Mitte (N),9,45.652,6.674,49.31919088,12.15459238
9099,Selb-West (S),9,23.503,4.376,50.15366608,12.09939781
9030,Siegenburg (S),9,26.014,2.596,48.74539476,11.86063601
9901,Wernberg-Köblitz (S),9,35.695,5.529,49.52612820,12.15217097
9840,AK München-Ost (O),9,,,48.14259670,11.76159587
9987,Feldkirchen-Ost (W),9,,,48.14269663,11.73098585
9986,München-Riem (O),9,,,48.14222030,11.70408307
9985,München-Riem (W),9,66.849,3.268,48.13730673,11.67953115
9984,Wimpasing,9,21.964,4.319,48.24783831,12.40571395
9151,AD Starnberg (N),9,62.174,2.166,48.02230763,11.42045172
9164,Murnau/Kochel (S),9,,,47.66206016,11.24500995
9043,München-Kreuzhof (W),9,71.089,2.099,48.10067303,11.49816872
9161,Seeshaupt (N),9,32.137,,47.85485571,11.38688235
9222,Gräfelfing (W),9,101.989,4.578,48.12741893,11.43780820
9136,Landsberg a. L.-Nord (O),9,64.147,5.605,48.06268166,10.87874943
9250,Lindau (S),9,33.009,4.014,47.54779128,9.73536719
9106,München-Laim (W),9,102.882,4.337,48.12400114,11.49134959
9550,Stetten (W),9,38.87,5.158,48.03758192,10.37688950
9207,AD M.-Feldmoching (O),9,76.567,9.939,48.22693209,11.56448447
9216,AD M.-Feldmoching (W),9,,,48.22274246,11.52173207
9775,AD München-Allach (O),9,122.048,,48.20973238,11.46877704
9774,AD München-Eschenried (O),9,,,48.20593508,11.40454843
9215,AK München-Nord (W),9,84.12,10.124,48.22791778,11.60643265
9212,AK München-Ost (N),9,121.369,17.63,48.15746696,11.74935711
9213,AK München-Ost (S),9,112.857,12.54,48.13373584,11.75912289
9220,AK München-West (N),9,60.744,5.448,48.19115543,11.43765740
9219,AS Germering-Nord (N),9,78.528,6.604,48.15561770,11.39938406
9218,Aschheim-West,9,125.356,18.71,48.20668853,11.65240389
9211,Aschheim/Ismaning (S),9,132.008,16.926,48.18335095,11.72185751
9155,Feldmoching,9,119.349,14.728,48.22261325,11.52123881
9228,Hohenbrunn,9,98.096,,48.05742549,11.69785239
9244,Neu-Keferloh,9,,,48.07969138,11.73510692
9229,Ottobrunn,9,,,48.03613406,11.67571944
9150,AD Starnberg (W),9,28.894,758,48.00512629,11.39575707
9221,München-Giesing (S),9,56.221,2.683,48.09064708,11.59072960
353,AS Eppelborn,10,22.584,2.437,49.41525237,6.98198701
173,Bierfeld,10,25.563,3.797,49.60100133,6.96542469
181,Göttelborn,10,16.438,756,49.34722888,7.01464140
177,Hasborn,10,20.261,2.373,49.47640096,6.97836951
182,Holz,10,16.201,749,49.32787027,6.99875523
180,Illingen,10,32.224,2.658,49.36782577,7.00272519
175,Kastel,10,17.158,2.252,49.57059938,6.97381652
185,Kirschheck,10,20.324,649,49.27986791,6.96243098
172,Nonnweiler,10,25.298,3.715,49.61333587,6.95678203
174,Otzenhausen,10,20.081,2.564,49.58985884,6.98932774
183,Riegelsberg,10,18.365,884,49.31428449,6.96992452
823,Saarbrücken-Neuhaus,10,11.542,547,49.29163294,6.95722539
304,Von der Heydt,10,20.328,698,49.27113733,6.96139813
103,AK Neunkirchen,10,36.796,3.937,49.29785321,7.22917042
105,Bexbach,10,46.693,6.774,49.33039700,7.27979474
101,Bischmisheim,10,29.772,2.005,49.23076130,7.08073420
104,Homburg,10,38.882,6.394,49.35278903,7.32218655
102,Kahlenberg,10,38.485,3.963,49.27259918,7.14816086
107,SB-Goldene Bremm,10,9.192,1.718,49.20892083,6.98996877
109,Sengscheid,10,39.593,3.812,49.26157042,7.10731790
200,AD Saarlouis,10,43.733,4.936,49.33545645,6.72978896
135,Bayrisch Kohlhof,10,51.426,6.932,49.31169432,7.24788594
407,Dillingen-Mitte,10,44.144,4.188,49.35839831,6.69674464
132,Einöd,10,34.516,3.697,49.30134762,7.28168814
141,Elversberg,10,58.336,6.88,49.31398463,7.09450125
142,Friedrichsthal,10,,,49.32410563,7.07611338
140,Heinitz,10,55.936,6.775,49.32348979,7.12580933
145,Heusweiler,10,37.17,5.043,49.35176400,6.97158267
148,Hülzweiler,10,31.263,4.697,49.33672800,6.80376456
136,Kohlhof,10,54.71,7.286,49.32022911,7.23739281
134,Limbach,10,43.746,4.215,49.30766201,7.26083750
154,Mechern,10,32.463,3.44,49.42157204,6.63370515
144,Merchweiler,10,49.008,5.824,49.34628981,7.04510674
214,Nalbach,10,,,49.34591376,6.78373006
146,Niedersalbach,10,31.126,4.675,49.33349284,6.89451086
143,Quierschied,10,50.926,6.024,49.33635616,7.06357438
324,Saarlouis-Röderberg,10,39.461,5,49.34261006,6.76669204
147,Schwarzenholz,10,30.914,4.707,49.31918938,6.86322540
153,Schwemlingen,10,25.735,3.202,49.45266382,6.61397770
139,Spiesen,10,52.901,6.645,49.32204143,7.13871031
138,Spiesen 2,10,47.381,6.637,49.32589170,7.17363403
151,Steinrausch,10,41.231,4.982,49.34217902,6.74703896
400,Tunnel Pellinger Berg,10,19.396,2.73,49.45078628,6.49865359
137,Wellesweiler,10,45.317,6.419,49.32760005,7.21843581
191,Freisen,10,16.649,2.192,49.54525437,7.25766016
133,Nohfelden,10,14.115,1.998,49.58452934,7.10936797
194,Sötern,10,15.295,1.975,49.59290343,7.05488235
130,AS Lisdorf,10,37.416,1.973,49.28600999,6.76211019
121,Fenne,10,52.936,2.817,49.24729476,6.89554867
124,Hostenbach,10,38.572,2.297,49.26709960,6.81640264
127,Saarlouis,10,50.966,3.105,49.30921882,6.73161820
122,Völklingen,10,46.91,2.47,49.24179342,6.85816042
128,Wallerfangen,10,,,49.32651064,6.73244771
123,Wehrden,10,,,49.24577529,6.83434874
248,Altenwald,10,35.374,2.436,49.31763048,7.07700820
246,Camphausen,10,39.376,2.249,49.29607741,7.03229827
521,Herrensohr,10,35.902,2.011,49.28754207,7.02046104
544,Hühnerfeld,10,40.947,,49.30883006,7.06245458
245,Jägersfreude,10,41.341,2.057,49.27146018,7.00150910
2014,Britz,11,122.819,6.512,52.46090577,13.41272748
2006,Friedenau (N),11,142.538,7.911,52.47793731,13.32411575
2003,Halensee,11,160.966,8.222,52.49725522,13.28299969
2005,Westend (O),11,143.805,8.509,52.51976892,13.28260855
2004,Friedenau (O),11,52.253,1.356,52.46668852,13.33722148
2010,Heiligensee 2,11,49.185,4.329,52.62270352,13.24845781
2008,Reinickendorf (S),11,111.369,6.848,52.54916706,13.30148816
2012,Neukölln,11,100.207,5.589,52.45860099,13.45818833
2013,Schönefeld,11,64.092,5.203,52.40217245,13.52070698
2011,Buchholz,11,34.058,1.762,52.61889325,13.43798044
2002,Eichkamp,11,85.215,5.83,52.49320913,13.26570958
3601,Lehnin,12,57.462,14.558,52.34070440,12.75185670
3628,Niemegk,12,49.825,9.568,52.13863908,12.75924109
3602,Erkner,12,51.798,9.932,52.42549042,13.78698524
3605,Kemnitz,12,,,52.40608916,12.87734712
3667,Lindenberg,12,52.317,6.469,52.61631602,13.52467708
3603,Ludwigsfelde,12,70.886,16.967,52.30730937,13.30201798
3604,Michendorf,12,,,52.30069461,13.02329463
3606,Oranienburg,12,58.506,8.493,52.70572044,13.16385721
3629,Birkholz,12,46.411,4.14,52.64125339,13.56682919
3607,Finowfurt,12,28.665,3.548,52.85638528,13.67132210
3608,Fürstenwalde,12,42.012,11.647,52.33465498,14.07192627
3630,Güldendorf,12,27.968,11.445,52.31708232,14.52798316
3610,Gollmitz,12,,,51.68516824,13.90097180
3609,Motzen,12,,,52.19603734,13.61529248
3664,Boblitz,12,,,51.83994903,13.94303555
3684,Forst,12,8.893,2.885,51.66675466,14.75124912
3612,Havelland,12,,,52.71527090,12.99716770
3611,Maulbeerwalde,12,26.906,4.843,53.17052999,12.34738567
3613,Netzeband,12,43.81,6.861,52.98644625,12.61636970
3631,Kiekebusch,12,,,52.35116653,13.55310448
3615,Drewitz,12,65.814,5.135,52.40199943,13.18695103
1607,Nadrensee,13,11.556,2.423,53.31742405,14.28386689
1602,Goldenstädt,13,11.349,958,53.43617186,11.50585200
1604,Kavelstorf,13,29.048,3.533,53.99745116,12.20079499
1606,Petersdorf,13,17.432,2.472,53.46077817,12.38309060
1615,Rostock-Nord,13,20.891,3.38,54.12133326,12.16195234
1613,Rostock-Ost,13,33.726,3.991,54.10883169,12.18581608
1605,Vietgest,13,17.937,2.398,53.76300340,12.32541043
1611,Jarmen,13,15.999,1.536,53.90513968,13.35014652
1608,Satow,13,34.058,3.408,53.98015238,11.91866138
1610,Strasburg,13,14.587,1.537,53.53174094,13.74491597
1609,Tessin,13,20.064,1.804,54.01230582,12.54820251
1601,Upahl,13,31.984,3.269,53.82266799,11.15868927
1614,Warnowtal,13,39.371,3.544,54.01972724,12.14244503
1612,Hagenow,13,28.381,5.06,53.46328782,11.34192727
1603,Hohewisch,13,30.286,4.922,53.40780015,11.56723187
4121,AD Dresden-Nord (O),14,61.023,10.756,51.13951344,13.75645632
4120,AD Dresden-Nord (W),14,97.207,14.97,51.12516550,13.74769459
4116,Burkau,14,42.41,9.416,51.18316973,14.16696198
4106,Gersdorf,14,63.659,11.385,50.95224840,13.06800331
4107,Hohenstein,14,38.247,6.29,50.81582350,12.66213636
4112,Ludwigsdorf (GÜG),14,22.881,7.476,51.18223035,15.00491692
4127,Meerane-West,14,33.673,6.853,50.83612161,12.36996501
4123,Nieder Seifersdorf,14,25.587,7.411,51.20775627,14.78886820
4105,Rothschönberg,14,92.873,18.557,51.05930653,13.48115530
4117,Wachau,14,50.063,,51.16879904,13.91698921
4119,AD Dresden-Nord (N),14,40.197,5.192,51.14018007,13.74946455
4124,Niederrödern,14,35.889,5.281,51.24708503,13.72654267
4102,Ammelshain,14,49.169,10.1,51.26481066,12.69314892
4156,Beucha,14,55.091,10.516,51.31018601,12.56171125
4162,Breitenfeld,14,66.354,10.477,51.40887701,12.37282344
4103,Choren,14,,,51.09229549,13.22591720
4158,Engelsdorf,14,52.077,8.336,51.34927782,12.50401740
4163,Leipzig-Nord,14,59.278,9.004,51.41560203,12.29365037
4101,Radefeld,14,59.552,9.277,51.41678242,12.27833270
4161,Seehausen,14,56.902,9.292,51.40186094,12.40519017
4157,Wolfshain,14,50.255,7.831,51.31418472,12.53395300
4118,Gompitz,14,51.547,8.053,51.04631149,13.60781449
4122,GÜG Breitenau-Schönwald,14,13.291,5.255,50.80480247,13.88095547
4125,Sobrigau,14,39.188,6.466,50.98223116,13.78855987
4152,Gaschwitz,14,34.941,6.109,51.24747548,12.37427689
4153,Kleinstädteln,14,40.92,6.602,51.24766249,12.41154214
4151,Knautnaundorf,14,33.97,5.973,51.26197791,12.28176034
4150,Leipzig-Südwest,14,30.833,5.699,51.26041150,12.25331237
4154,Liebertwolkwitz,14,36.877,6.411,51.26382688,12.47767797
4114,Gospersgrün,14,46.958,7.986,50.53989995,12.25780837
4109,Heinersgrün,14,37.481,7.547,50.39688166,12.00352941
4113,Hirschfeld,14,42.028,7.541,50.63224198,12.42771375
4108,Leukersdorf,14,60.547,8.052,50.77209283,12.81648045
4126,Niederfrohna,14,23.24,2.677,50.89298996,12.74517894
3837,Alleringersleben,15,74.104,20.356,52.20768356,11.16569948
3836,Bornstedt/Irxleben,15,73.638,19.353,52.17854897,11.47244949
3835,Hohenwarthe,15,65.601,14.392,52.22154933,11.71018305
3810,Theeßen,15,49.321,13.041,52.24389139,12.14492998
3905,Bad Dürrenberg Süd,15,65.828,14.041,51.28185176,12.12393545
3811,Dessau,15,58.555,8.53,51.74598665,12.22310072
3904,Günthersdorf,15,68.976,14.103,51.33428110,12.17844686
3809,Leipzig West,15,80.149,15.434,51.35628602,12.18838709
3906,Rippachtal Süd,15,72.423,14.668,51.22371396,12.04596012
3902,Schkeuditzer Kreuz Süd,15,75.771,15.211,51.41276332,12.18956922
3804,Vockerode,15,57.822,9.884,51.86106320,12.35498042
3901,Wiedemar,15,62.902,10.839,51.44148904,12.20612662
3839,AK Magdeburg Nord,15,11.701,2.229,52.18147838,11.54798063
3838,AK Magdeburg Süd,15,42.535,9.746,52.15509116,11.54400802
3833,Gröbers,15,49.885,9.789,51.43234398,12.17178861
3908,Halle-Trotha/Teufelsgrund,15,34.469,9.207,51.56937654,11.96041932
3909,Osterweddingen,15,41.951,8.926,52.05747845,11.59698441
3832,Plötzkau,15,35.356,9.091,51.72704970,11.67749712
3915,Reform,15,43.326,9.149,52.02665074,11.64333863
3907,Schkeuditzer Kreuz Ost,15,62.397,9.975,51.42462121,12.21980347
3914,Schönebeck,15,37.009,8.519,51.99476192,11.66397969
3916,Sudenburg,15,39.403,9.14,52.07763858,11.54650841
3917,Wanzleben,15,41.628,9.645,52.09567791,11.53118967
3912,Helmetal,15,27.542,6.382,51.45148768,11.23376490
3910,Lützen,15,31.544,5.921,51.23544981,12.12032730
3911,Merseburg/Geiseltal,15,30.014,6.307,51.34375785,11.92434651
3834,Rippachtal West,15,31.085,6.824,51.24032550,12.03179093
3913,Rohnetal,15,28.988,6.831,51.43571623,11.43439618
3840,Halle-Pappelgrund,15,6.799,911,51.46683798,11.85693185
4352,AK Erfurt/Ost,16,59.483,9.954,50.89766645,10.96948315
4351,AK Erfurt/West,16,58.71,10.566,50.89249019,10.94428221
4301,Gotha,16,48.719,9.272,50.90148399,10.72570439
4305,HK/Ost,16,40.114,7.351,50.88160265,11.85709766
4304,HK/West,16,62.219,10.97,50.87947677,11.83939744
4303,Ronneburg,16,37.786,7.031,50.87192047,12.21994464
4366,Tunnel Jagdberg,16,59.031,10.635,50.87513223,11.55915073
4302,Weimar,16,59.879,10.216,50.94324565,11.30388412
4320,Bad Klosterlausnitz,16,66.973,13.03,50.92450845,11.83930418
4322,HK/Nord,16,65.991,13.369,50.88929991,11.84521506
4321,HK/Süd,16,48.525,10.239,50.87571122,11.84754493
4323,Schleiz,16,43.629,9.611,50.54965203,11.79356461
4372,Röstebachtalbrücke,16,23.728,5.491,51.39863942,10.38485443
4345,AD Suhl/Ost,16,23.797,3.7,50.61584273,10.65713992
4346,AD Suhl/West,16,17.8,2.386,50.60916622,10.63774337
4341,AK Erfurt/Nord,16,28.99,3.301,50.90153736,10.94566450
4342,AK Erfurt/Süd,16,31.614,3.679,50.89234453,10.97003534
4333,Berg Bock,16,24.111,3.719,50.63720466,10.67909120
4334,Eichelberg,16,13.937,2.109,50.51185632,10.44938955
4331,Hochwald,16,26.727,3.484,50.65077815,10.69064064
4330,Rennsteig,16,24.092,3.298,50.66910800,10.68910183
4340,Tunnel Schmücke,16,12.804,1.8,51.27081806,11.21381306
4382,AD Suhl/Süd,16,14.557,2.153,50.60280235,10.64423905
